Name, Species, Type(s), HP, Attack, Defense, Sp. Attack, Sp. Defense, Speed, Abilities
Bulbasaur, Seed, Grass/Poison, 45, 49, 49, 65, 65, 45, [Overgrow | Chlorophyll]
Ivysaur, Seed, Grass/Poison, 60, 62, 63, 80, 80, 60, [Overgrow | Chlorophyll]
Venusaur, Seed, Grass/Poison, 80, 82, 83, 100, 100, 80, [Overgrow | Chlorophyll]
Charmander, Lizard, Fire/null, 39, 52, 43, 60, 50, 65, [Blaze | Solar Power]
Charmeleon, Flame, Fire/null, 58, 64, 58, 80, 65, 80, [Blaze | Solar Power]
Charizard, Flame, Fire/Flying, 78, 84, 78, 109, 85, 100, [Blaze | Solar Power]
Squirtle, Tiny Turtle, Water/null, 44, 48, 65, 50, 64, 43, [Torrent | Rain Dish]
Wartortle, Turtle, Water/null, 59, 63, 80, 65, 80, 58, [Torrent | Rain Dish]
Blastoise, Shellfish, Water/null, 79, 83, 100, 85, 105, 78, [Torrent | Rain Dish]
Caterpie, Worm, Bug/null, 45, 30, 35, 20, 20, 45, [Shield Dust | Run Away]
Metapod, Cocoon, Bug/null, 50, 20, 55, 25, 25, 30, [Shed Skin]
Butterfree, Butterfly, Bug/Flying, 60, 45, 50, 80, 80, 70, [Compound Eyes | Tinted Lens]
Weedle, Hairy Bug, Bug/Poison, 40, 35, 30, 20, 20, 50, [Shield Dust | Run Away]
Kakuna, Cocoon, Bug/Poison, 45, 25, 50, 25, 25, 35, [Shed Skin]
Beedrill, Poison Bee, Bug/Poison, 65, 80, 40, 45, 80, 75, [Swarm | Sniper]
Pidgey, Tiny Bird, Normal/Flying, 40, 45, 40, 35, 35, 56, [Keen Eye | Big Pecks]
Pidgeotto, Bird, Normal/Flying, 63, 60, 55, 50, 50, 71, [Keen Eye | Big Pecks]
Pidgeot, Bird, Normal/Flying, 83, 80, 75, 70, 70, 91, [Keen Eye | Big Pecks]
Rattata, Mouse, Normal/null, 30, 56, 35, 25, 35, 72, [Run Away | Gluttony]
Raticate, Mouse, Normal/null, 55, 81, 60, 50, 70, 97, [Run Away | Hustle]
Spearow, Tiny Bird, Normal/Flying, 40, 60, 30, 31, 31, 70, [Keen Eye | Sniper]
Fearow, Beak, Normal/Flying, 65, 90, 65, 61, 61, 100, [Keen Eye | Sniper]
Ekans, Snake, Poison/null, 35, 60, 44, 40, 54, 55, [Intimidate | Unnerve]
Arbok, Cobra, Poison/null, 60, 85, 69, 65, 79, 80, [Intimidate | Unnerve]
Pikachu, Mouse, Electric/null, 35, 55, 30, 50, 40, 90, [Static | Lightning Rod]
Raichu, Mouse, Electric/null, 60, 90, 55, 90, 80, 100, [Static | Surge Surfer]
Sandshrew, Mouse, Ground/null, 50, 75, 85, 20, 30, 40, [Sand Veil | Snow Cloak]
Sandslash, Mouse, Ground/null, 75, 100, 110, 45, 55, 65, [Sand Veil | Snow Cloak]
Nidoran♀, Poison Pin, Poison/null, 55, 47, 52, 40, 40, 41, [Poison Point | Hustle]
Nidorina, Poison Pin, Poison/null, 70, 62, 67, 55, 55, 56, [Poison Point | Hustle]
Nidoqueen, Drill, Poison/Ground, 90, 82, 87, 75, 85, 76, [Poison Point | Sheer Force]
Nidoran♂, Poison Pin, Poison/null, 46, 57, 40, 40, 40, 50, [Poison Point | Hustle]
Nidorino, Poison Pin, Poison/null, 61, 72, 57, 55, 55, 65, [Poison Point | Hustle]
Nidoking, Drill, Poison/Ground, 81, 92, 77, 85, 75, 85, [Poison Point | Sheer Force]
Clefairy, Fairy, Fairy/null, 70, 45, 48, 60, 65, 35, [Cute Charm | Friend Guard]
Clefable, Fairy, Fairy/null, 95, 70, 73, 85, 90, 60, [Cute Charm | Unaware]
Vulpix, Fox, Fire/null, 38, 41, 40, 50, 65, 65, [Flash Fire | Snow Cloak]
Ninetales, Fox, Fire/null, 73, 76, 75, 81, 100, 100, [Flash Fire | Snow Cloak]
Jigglypuff, Balloon, Normal/Fairy, 115, 45, 20, 45, 25, 20, [Cute Charm | Friend Guard]
Wigglytuff, Balloon, Normal/Fairy, 140, 70, 45, 75, 50, 45, [Cute Charm | Frisk]
Zubat, Bat, Poison/Flying, 40, 45, 35, 30, 40, 55, [Inner Focus | Infiltrator]
Golbat, Bat, Poison/Flying, 75, 80, 70, 65, 75, 90, [Inner Focus | Infiltrator]
Oddish, Weed, Grass/Poison, 45, 50, 55, 75, 65, 30, [Chlorophyll | Run Away]
Gloom, Weed, Grass/Poison, 60, 65, 70, 85, 75, 40, [Chlorophyll | Stench]
Vileplume, Flower, Grass/Poison, 75, 80, 85, 100, 90, 50, [Chlorophyll | Effect Spore]
Paras, Mushroom, Bug/Grass, 35, 70, 55, 45, 55, 25, [Effect Spore | Damp]
Parasect, Mushroom, Bug/Grass, 60, 95, 80, 60, 80, 30, [Effect Spore | Damp]
Venonat, Insect, Bug/Poison, 60, 55, 50, 40, 55, 45, [Compound Eyes | Run Away]
Venomoth, Poison Moth, Bug/Poison, 70, 65, 60, 90, 75, 90, [Shield Dust | Wonder Skin]
Diglett, Mole, Ground/null, 10, 55, 25, 35, 45, 95, [Sand Veil | Sand Force]
Dugtrio, Mole, Ground/null, 35, 80, 50, 50, 70, 120, [Sand Veil | Sand Force]
Meowth, Scratch Cat, Normal/null, 40, 45, 35, 40, 40, 90, [Pickup | Unnerve]
Persian, Classy Cat, Normal/null, 65, 70, 60, 65, 65, 115, [Limber | Unnerve]
Psyduck, Duck, Water/null, 50, 52, 48, 65, 50, 55, [Damp | Swift Swim]
Golduck, Duck, Water/null, 80, 82, 78, 95, 80, 85, [Damp | Swift Swim]
Mankey, Pig Monkey, Fighting/null, 40, 80, 35, 35, 45, 70, [Vital Spirit | Defiant]
Primeape, Pig Monkey, Fighting/null, 65, 105, 60, 60, 70, 95, [Vital Spirit | Defiant]
Growlithe, Puppy, Fire/null, 55, 70, 45, 70, 50, 60, [Intimidate | Justified]
Arcanine, Legendary, Fire/null, 90, 110, 80, 100, 80, 95, [Intimidate | Justified]
Poliwag, Tadpole, Water/null, 40, 50, 40, 40, 40, 90, [Water Absorb | Swift Swim]
Poliwhirl, Tadpole, Water/null, 65, 65, 65, 50, 50, 90, [Water Absorb | Swift Swim]
Poliwrath, Tadpole, Water/Fighting, 90, 85, 95, 70, 90, 70, [Water Absorb | Swift Swim]
Abra, Psi, Psychic/null, 25, 20, 15, 105, 55, 90, [Synchronize | Magic Guard]
Kadabra, Psi, Psychic/null, 40, 35, 30, 120, 70, 105, [Synchronize | Magic Guard]
Alakazam, Psi, Psychic/null, 55, 50, 45, 135, 85, 120, [Synchronize | Magic Guard]
Machop, Superpower, Fighting/null, 70, 80, 50, 35, 35, 35, [Guts | Steadfast]
Machoke, Superpower, Fighting/null, 80, 100, 70, 50, 60, 45, [Guts | Steadfast]
Machamp, Superpower, Fighting/null, 90, 130, 80, 65, 85, 55, [Guts | Steadfast]
Bellsprout, Flower, Grass/Poison, 50, 75, 35, 70, 30, 40, [Chlorophyll | Gluttony]
Weepinbell, Flycatcher, Grass/Poison, 65, 90, 50, 85, 45, 55, [Chlorophyll | Gluttony]
Victreebel, Flycatcher, Grass/Poison, 80, 105, 65, 100, 60, 70, [Chlorophyll | Gluttony]
Tentacool, Jellyfish, Water/Poison, 40, 40, 35, 50, 100, 70, [Clear Body | Rain Dish]
Tentacruel, Jellyfish, Water/Poison, 80, 70, 65, 80, 120, 100, [Clear Body | Rain Dish]
Geodude, Rock, Rock/Ground, 40, 80, 100, 30, 30, 20, [Rock Head | Sand Veil]
Graveler, Rock, Rock/Ground, 55, 95, 115, 45, 45, 35, [Rock Head | Sand Veil]
Golem, Megaton, Rock/Ground, 80, 110, 130, 55, 65, 45, [Rock Head | Sand Veil]
Ponyta, Fire Horse, Fire/null, 50, 85, 55, 65, 65, 90, [Run Away | Flame Body]
Rapidash, Fire Horse, Fire/null, 65, 100, 70, 80, 80, 105, [Run Away | Flame Body]
Slowpoke, Dopey, Water/Psychic, 90, 65, 65, 40, 40, 15, [Oblivious | Regenerator]
Slowbro, Hermit Crab, Water/Psychic, 95, 75, 110, 100, 80, 30, [Oblivious | Regenerator]
Magnemite, Magnet, Electric/Steel, 25, 35, 70, 95, 55, 45, [Magnet Pull | Analytic]
Magneton, Magnet, Electric/Steel, 50, 60, 95, 120, 70, 70, [Magnet Pull | Analytic]
Farfetch'd, Wild Duck, Normal/Flying, 52, 65, 55, 58, 62, 60, [Keen Eye | Defiant]
Doduo, Twin Bird, Normal/Flying, 35, 85, 45, 35, 35, 75, [Run Away | Tangled Feet]
Dodrio, Triple Bird, Normal/Flying, 60, 110, 70, 60, 60, 100, [Run Away | Tangled Feet]
Seel, Sea Lion, Water/null, 65, 45, 55, 45, 70, 45, [Thick Fat | Ice Body]
Dewgong, Sea Lion, Water/Ice, 90, 70, 80, 70, 95, 70, [Thick Fat | Ice Body]
Grimer, Sludge, Poison/null, 80, 80, 50, 40, 50, 25, [Stench | Poison Touch]
Muk, Sludge, Poison/null, 105, 105, 75, 65, 100, 50, [Stench | Poison Touch]
Shellder, Bivalve, Water/null, 30, 65, 100, 45, 25, 40, [Shell Armor | Overcoat]
Cloyster, Bivalve, Water/Ice, 50, 95, 180, 85, 45, 70, [Shell Armor | Overcoat]
Gastly, Gas, Ghost/Poison, 30, 35, 30, 100, 35, 80, [Levitate]
Haunter, Gas, Ghost/Poison, 45, 50, 45, 115, 55, 95, [Levitate]
Gengar, Shadow, Ghost/Poison, 60, 65, 60, 130, 75, 110, [Levitate | Shadow Tag]
Onix, Rock Snake, Rock/Ground, 35, 45, 160, 30, 45, 70, [Rock Head | Weak Armor]
Drowzee, Hypnosis, Psychic/null, 60, 48, 45, 43, 90, 42, [Insomnia | Inner Focus]
Hypno, Hypnosis, Psychic/null, 85, 73, 70, 73, 115, 67, [Insomnia | Inner Focus]
Krabby, River Crab, Water/null, 30, 105, 90, 25, 25, 50, [Hyper Cutter | Sheer Force]
Kingler, Pincer, Water/null, 55, 130, 115, 50, 50, 75, [Hyper Cutter | Sheer Force]
Voltorb, Ball, Electric/null, 40, 30, 50, 55, 55, 100, [Soundproof | Aftermath]
Electrode, Ball, Electric/null, 60, 50, 70, 80, 80, 140, [Soundproof | Aftermath]
Exeggcute, Egg, Grass/Psychic, 60, 40, 80, 60, 45, 40, [Chlorophyll | Harvest]
Exeggutor, Coconut, Grass/Psychic, 95, 95, 85, 125, 65, 55, [Chlorophyll | Frisk]
Cubone, Lonely, Ground/null, 50, 50, 95, 40, 50, 35, [Rock Head | Battle Armor]
Marowak, Bone Keeper, Ground/null, 60, 80, 110, 50, 80, 45, [Rock Head | Cursed Body]
Hitmonlee, Kicking, Fighting/null, 50, 120, 53, 35, 110, 87, [Limber | Unburden]
Hitmonchan, Punching, Fighting/null, 50, 105, 79, 35, 110, 76, [Keen Eye | Inner Focus]
Lickitung, Licking, Normal/null, 90, 55, 75, 60, 75, 30, [Own Tempo | Cloud Nine]
Koffing, Poison Gas, Poison/null, 40, 65, 95, 60, 45, 35, [Levitate]
Weezing, Poison Gas, Poison/null, 65, 90, 120, 85, 70, 60, [Levitate]
Rhyhorn, Spikes, Ground/Rock, 80, 85, 95, 30, 30, 25, [Lightning Rod | Reckless]
Rhydon, Drill, Ground/Rock, 105, 130, 120, 45, 45, 40, [Lightning Rod | Reckless]
Chansey, Egg, Normal/null, 250, 5, 5, 35, 105, 50, [Natural Cure | Healer]
Tangela, Vine, Grass/null, 65, 55, 115, 100, 40, 60, [Chlorophyll | Regenerator]
Kangaskhan, Parent, Normal/null, 105, 95, 80, 40, 80, 90, [Early Bird | Inner Focus]
Horsea, Dragon, Water/null, 30, 40, 70, 70, 25, 60, [Swift Swim | Damp]
Seadra, Dragon, Water/null, 55, 65, 95, 95, 45, 85, [Poison Point | Damp]
Goldeen, Goldfish, Water/null, 45, 67, 60, 35, 50, 63, [Swift Swim | Lightning Rod]
Seaking, Goldfish, Water/null, 80, 92, 65, 65, 80, 68, [Swift Swim | Lightning Rod]
Staryu, Star Shape, Water/null, 30, 45, 55, 70, 55, 85, [Illuminate | Analytic]
Starmie, Mysterious, Water/Psychic, 60, 75, 85, 100, 85, 115, [Illuminate | Analytic]
Mr. Mime, Barrier, Psychic/Fairy, 40, 45, 65, 100, 120, 90, [Soundproof | Technician]
Scyther, Mantis, Bug/Flying, 70, 110, 80, 55, 80, 105, [Swarm | Steadfast]
Jynx, Human Shape, Ice/Psychic, 65, 50, 35, 115, 95, 95, [Oblivious | Dry Skin]
Electabuzz, Electric, Electric/null, 65, 83, 57, 95, 85, 105, [Static | Vital Spirit]
Magmar, Spitfire, Fire/null, 65, 95, 57, 100, 85, 93, [Flame Body | Vital Spirit]
Pinsir, Stag Beetle, Bug/null, 65, 125, 100, 55, 70, 85, [Hyper Cutter | Moxie]
Tauros, Wild Bull, Normal/null, 75, 100, 95, 40, 70, 110, [Intimidate | Sheer Force]
Magikarp, Fish, Water/null, 20, 10, 55, 15, 20, 80, [Swift Swim | Rattled]
Gyarados, Atrocious, Water/Flying, 95, 125, 79, 60, 100, 81, [Intimidate | Moxie]
Lapras, Transport, Water/Ice, 130, 85, 80, 85, 95, 60, [Water Absorb | Hydration]
Ditto, Transform, Normal/null, 48, 48, 48, 48, 48, 48, [Limber | Imposter]
Eevee, Evolution, Normal/null, 55, 55, 50, 45, 65, 55, [Run Away | Anticipation]
Vaporeon, Bubble Jet, Water/null, 130, 65, 60, 110, 95, 65, [Water Absorb | Hydration]
Jolteon, Lightning, Electric/null, 65, 65, 60, 110, 95, 130, [Volt Absorb | Quick Feet]
Flareon, Flame, Fire/null, 65, 130, 60, 95, 110, 65, [Flash Fire | Guts]
Porygon, Virtual, Normal/null, 65, 60, 70, 85, 75, 40, [Trace | Analytic]
Omanyte, Spiral, Rock/Water, 35, 40, 100, 90, 55, 35, [Swift Swim | Weak Armor]
Omastar, Spiral, Rock/Water, 70, 60, 125, 115, 70, 55, [Swift Swim | Weak Armor]
Kabuto, Shellfish, Rock/Water, 30, 80, 90, 55, 45, 55, [Swift Swim | Weak Armor]
Kabutops, Shellfish, Rock/Water, 60, 115, 105, 65, 70, 80, [Swift Swim | Weak Armor]
Aerodactyl, Fossil, Rock/Flying, 80, 105, 65, 60, 75, 130, [Rock Head | Unnerve]
Snorlax, Sleeping, Normal/null, 160, 110, 65, 65, 110, 30, [Immunity | Gluttony]
Articuno, Freeze, Ice/Flying, 90, 85, 100, 95, 125, 85, [Pressure | Snow Cloak]
Zapdos, Electric, Electric/Flying, 90, 90, 85, 125, 90, 100, [Pressure | Static]
Moltres, Flame, Fire/Flying, 90, 100, 90, 125, 85, 90, [Pressure | Flame Body]
Dratini, Dragon, Dragon/null, 41, 64, 45, 50, 50, 50, [Shed Skin | Marvel Scale]
Dragonair, Dragon, Dragon/null, 61, 84, 65, 70, 70, 70, [Shed Skin | Marvel Scale]
Dragonite, Dragon, Dragon/Flying, 91, 134, 95, 100, 100, 80, [Inner Focus | Multiscale]
Mewtwo, Genetic, Psychic/null, 106, 110, 90, 154, 90, 130, [Pressure | Unnerve]
Mew, New Species, Psychic/null, 100, 100, 100, 100, 100, 100, [Synchronize]
Chikorita, Leaf, Grass/null, 45, 49, 65, 49, 65, 45, [Overgrow | Leaf Guard]
Bayleef, Leaf, Grass/null, 60, 62, 80, 63, 80, 60, [Overgrow | Leaf Guard]
Meganium, Herb, Grass/null, 80, 82, 100, 83, 100, 80, [Overgrow | Leaf Guard]
Cyndaquil, Fire Mouse, Fire/null, 39, 52, 43, 60, 50, 65, [Blaze | Flash Fire]
Quilava, Volcano, Fire/null, 58, 64, 58, 80, 65, 80, [Blaze | Flash Fire]
Typhlosion, Volcano, Fire/null, 78, 84, 78, 109, 85, 100, [Blaze | Flash Fire]
Totodile, Big Jaw, Water/null, 50, 65, 64, 44, 48, 43, [Torrent | Sheer Force]
Croconaw, Big Jaw, Water/null, 65, 80, 80, 59, 63, 58, [Torrent | Sheer Force]
Feraligatr, Big Jaw, Water/null, 85, 105, 100, 79, 83, 78, [Torrent | Sheer Force]
Sentret, Scout, Normal/null, 35, 46, 34, 35, 45, 20, [Run Away | Frisk]
Furret, Long Body, Normal/null, 85, 76, 64, 45, 55, 90, [Run Away | Frisk]
Hoothoot, Owl, Normal/Flying, 60, 30, 30, 36, 56, 50, [Insomnia | Tinted Lens]
Noctowl, Owl, Normal/Flying, 100, 50, 50, 76, 96, 70, [Insomnia | Tinted Lens]
Ledyba, Five Star, Bug/Flying, 40, 20, 30, 40, 80, 55, [Swarm | Rattled]
Ledian, Five Star, Bug/Flying, 55, 35, 50, 55, 110, 85, [Swarm | Iron Fist]
Spinarak, String Spit, Bug/Poison, 40, 60, 40, 40, 40, 30, [Swarm | Sniper]
Ariados, Long Leg, Bug/Poison, 70, 90, 70, 60, 60, 40, [Swarm | Sniper]
Crobat, Bat, Poison/Flying, 85, 90, 80, 70, 80, 130, [Inner Focus | Infiltrator]
Chinchou, Angler, Water/Electric, 75, 38, 38, 56, 56, 67, [Volt Absorb | Water Absorb]
Lanturn, Light, Water/Electric, 125, 58, 58, 76, 76, 67, [Volt Absorb | Water Absorb]
Pichu, Tiny Mouse, Electric/null, 20, 40, 15, 35, 35, 60, [Static | Lightning Rod]
Cleffa, Star Shape, Fairy/null, 50, 25, 28, 45, 55, 15, [Cute Charm | Friend Guard]
Igglybuff, Balloon, Normal/Fairy, 90, 30, 15, 40, 20, 15, [Cute Charm | Friend Guard]
Togepi, Spike Ball, Fairy/null, 35, 20, 65, 40, 65, 20, [Hustle | Super Luck]
Togetic, Happiness, Fairy/Flying, 55, 40, 85, 80, 105, 40, [Hustle | Super Luck]
Natu, Tiny Bird, Psychic/Flying, 40, 50, 45, 70, 45, 70, [Synchronize | Magic Bounce]
Xatu, Mystic, Psychic/Flying, 65, 75, 70, 95, 70, 95, [Synchronize | Magic Bounce]
Mareep, Wool, Electric/null, 55, 40, 40, 65, 45, 35, [Static | Plus]
Flaaffy, Wool, Electric/null, 70, 55, 55, 80, 60, 45, [Static | Plus]
Ampharos, Light, Electric/null, 90, 75, 75, 115, 90, 55, [Static | Plus]
Bellossom, Flower, Grass/null, 75, 80, 85, 90, 100, 50, [Chlorophyll | Healer]
Marill, Aqua Mouse, Water/Fairy, 70, 20, 50, 20, 50, 40, [Thick Fat | Sap Sipper]
Azumarill, Aqua Rabbit, Water/Fairy, 100, 50, 80, 50, 80, 50, [Thick Fat | Sap Sipper]
Sudowoodo, Imitation, Rock/null, 70, 100, 115, 30, 65, 30, [Sturdy | Rattled]
Politoed, Frog, Water/null, 90, 75, 75, 90, 100, 70, [Water Absorb | Drizzle]
Hoppip, Cottonweed, Grass/Flying, 35, 35, 40, 35, 55, 50, [Chlorophyll | Infiltrator]
Skiploom, Cottonweed, Grass/Flying, 55, 45, 50, 45, 65, 80, [Chlorophyll | Infiltrator]
Jumpluff, Cottonweed, Grass/Flying, 75, 55, 70, 55, 85, 110, [Chlorophyll | Infiltrator]
Aipom, Long Tail, Normal/null, 55, 70, 55, 40, 55, 85, [Run Away | Skill Link]
Sunkern, Seed, Grass/null, 30, 30, 30, 30, 30, 30, [Chlorophyll | Early Bird]
Sunflora, Sun, Grass/null, 75, 75, 55, 105, 85, 30, [Chlorophyll | Early Bird]
Yanma, Clear Wing, Bug/Flying, 65, 65, 45, 75, 45, 95, [Speed Boost | Frisk]
Wooper, Water Fish, Water/Ground, 55, 45, 45, 25, 25, 15, [Damp | Unaware]
Quagsire, Water Fish, Water/Ground, 95, 85, 85, 65, 65, 35, [Damp | Unaware]
Espeon, Sun, Psychic/null, 65, 65, 60, 130, 95, 110, [Synchronize | Magic Bounce]
Umbreon, Moonlight, Dark/null, 95, 65, 110, 60, 130, 65, [Synchronize | Inner Focus]
Murkrow, Darkness, Dark/Flying, 60, 85, 42, 85, 42, 91, [Insomnia | Prankster]
Slowking, Royal, Water/Psychic, 95, 75, 80, 100, 110, 30, [Oblivious | Regenerator]
Misdreavus, Screech, Ghost/null, 60, 60, 60, 85, 85, 85, [Levitate]
Unown, Symbol, Psychic/null, 48, 72, 48, 72, 48, 48, [Levitate]
Wobbuffet, Patient, Psychic/null, 190, 33, 58, 33, 58, 33, [Shadow Tag | Telepathy]
Girafarig, Long Neck, Normal/Psychic, 70, 80, 65, 90, 65, 85, [Inner Focus | Sap Sipper]
Pineco, Bagworm, Bug/null, 50, 65, 90, 35, 35, 15, [Sturdy | Overcoat]
Forretress, Bagworm, Bug/Steel, 75, 90, 140, 60, 60, 40, [Sturdy | Overcoat]
Dunsparce, Land Snake, Normal/null, 100, 70, 70, 65, 65, 45, [Serene Grace | Rattled]
Gligar, Fly Scorpion, Ground/Flying, 65, 75, 105, 35, 65, 85, [Hyper Cutter | Immunity]
Steelix, Iron Snake, Steel/Ground, 75, 85, 200, 55, 65, 30, [Rock Head | Sheer Force]
Snubbull, Fairy, Fairy/null, 60, 80, 50, 40, 40, 30, [Intimidate | Rattled]
Granbull, Fairy, Fairy/null, 90, 120, 75, 60, 60, 45, [Intimidate | Rattled]
Qwilfish, Balloon, Water/Poison, 65, 95, 75, 55, 55, 85, [Poison Point | Intimidate]
Scizor, Pincer, Bug/Steel, 70, 130, 100, 55, 80, 65, [Swarm | Light Metal]
Shuckle, Mold, Bug/Rock, 20, 10, 230, 10, 230, 5, [Sturdy | Contrary]
Heracross, Single Horn, Bug/Fighting, 80, 125, 75, 40, 95, 85, [Swarm | Moxie]
Sneasel, Sharp Claw, Dark/Ice, 55, 95, 55, 35, 75, 115, [Inner Focus | Pickpocket]
Teddiursa, Little Bear, Normal/null, 60, 80, 50, 50, 50, 40, [Pickup | Honey Gather]
Ursaring, Hibernator, Normal/null, 90, 130, 75, 75, 75, 55, [Guts | Unnerve]
Slugma, Lava, Fire/null, 40, 40, 40, 70, 40, 20, [Magma Armor | Weak Armor]
Magcargo, Lava, Fire/Rock, 50, 50, 120, 80, 80, 30, [Magma Armor | Weak Armor]
Swinub, Pig, Ice/Ground, 50, 50, 40, 30, 30, 50, [Oblivious | Thick Fat]
Piloswine, Swine, Ice/Ground, 100, 100, 80, 60, 60, 50, [Oblivious | Thick Fat]
Corsola, Coral, Water/Rock, 55, 55, 85, 65, 85, 35, [Hustle | Regenerator]
Remoraid, Jet, Water/null, 35, 65, 35, 65, 35, 65, [Hustle | Moody]
Octillery, Jet, Water/null, 75, 105, 75, 105, 75, 45, [Suction Cups | Moody]
Delibird, Delivery, Ice/Flying, 45, 55, 45, 65, 45, 75, [Vital Spirit | Insomnia]
Mantine, Kite, Water/Flying, 65, 40, 70, 80, 140, 70, [Swift Swim | Water Veil]
Skarmory, Armor Bird, Steel/Flying, 65, 80, 140, 40, 70, 70, [Keen Eye | Weak Armor]
Houndour, Dark, Dark/Fire, 45, 60, 30, 80, 50, 65, [Early Bird | Unnerve]
Houndoom, Dark, Dark/Fire, 75, 90, 50, 110, 80, 95, [Early Bird | Unnerve]
Kingdra, Dragon, Water/Dragon, 75, 95, 95, 95, 95, 85, [Swift Swim | Damp]
Phanpy, Long Nose, Ground/null, 90, 60, 60, 40, 40, 40, [Pickup | Sand Veil]
Donphan, Armor, Ground/null, 90, 120, 120, 60, 60, 50, [Sturdy | Sand Veil]
Porygon2, Virtual, Normal/null, 85, 80, 90, 105, 95, 60, [Trace | Analytic]
Stantler, Big Horn, Normal/null, 73, 95, 62, 85, 65, 85, [Intimidate | Sap Sipper]
Smeargle, Painter, Normal/null, 55, 20, 35, 20, 45, 75, [Own Tempo | Moody]
Tyrogue, Scuffle, Fighting/null, 35, 35, 35, 35, 35, 35, [Guts | Vital Spirit]
Hitmontop, Handstand, Fighting/null, 50, 95, 95, 35, 110, 70, [Intimidate | Steadfast]
Smoochum, Kiss, Ice/Psychic, 45, 30, 15, 85, 65, 65, [Oblivious | Hydration]
Elekid, Electric, Electric/null, 45, 63, 37, 65, 55, 95, [Static | Vital Spirit]
Magby, Live Coal, Fire/null, 45, 75, 37, 70, 55, 83, [Flame Body | Vital Spirit]
Miltank, Milk Cow, Normal/null, 95, 80, 105, 40, 70, 100, [Thick Fat | Sap Sipper]
Blissey, Happiness, Normal/null, 255, 10, 10, 75, 135, 55, [Natural Cure | Healer]
Raikou, Thunder, Electric/null, 90, 85, 75, 115, 100, 115, [Pressure | Volt Absorb]
Entei, Volcano, Fire/null, 115, 115, 85, 90, 75, 100, [Pressure | Flash Fire]
Suicune, Aurora, Water/null, 100, 75, 115, 90, 115, 85, [Pressure | Water Absorb]
Larvitar, Rock Skin, Rock/Ground, 50, 64, 50, 45, 50, 41, [Guts | Sand Veil]
Pupitar, Hard Shell, Rock/Ground, 70, 84, 70, 65, 70, 51, [Shed Skin]
Tyranitar, Armor, Rock/Dark, 100, 134, 110, 95, 100, 61, [Sand Stream | Unnerve]
Lugia, Diving, Psychic/Flying, 106, 90, 130, 90, 154, 110, [Pressure | Multiscale]
Ho-Oh, Rainbow, Fire/Flying, 106, 130, 90, 110, 154, 90, [Pressure | Regenerator]
Celebi, Time Travel, Psychic/Grass, 100, 100, 100, 100, 100, 100, [Natural Cure]
Treecko, Wood Gecko, Grass/null, 40, 45, 35, 65, 55, 70, [Overgrow | Unburden]
Grovyle, Wood Gecko, Grass/null, 50, 65, 45, 85, 65, 95, [Overgrow | Unburden]
Sceptile, Forest, Grass/null, 70, 85, 65, 105, 85, 120, [Overgrow | Unburden]
Torchic, Chick, Fire/null, 45, 60, 40, 70, 50, 45, [Blaze | Speed Boost]
Combusken, Young Fowl, Fire/Fighting, 60, 85, 60, 85, 60, 55, [Blaze | Speed Boost]
Blaziken, Blaze, Fire/Fighting, 80, 120, 70, 110, 70, 80, [Blaze | Speed Boost]
Mudkip, Mud Fish, Water/null, 50, 70, 50, 50, 50, 40, [Torrent | Damp]
Marshtomp, Mud Fish, Water/Ground, 70, 85, 70, 60, 70, 50, [Torrent | Damp]
Swampert, Mud Fish, Water/Ground, 100, 110, 90, 85, 90, 60, [Torrent | Damp]
Poochyena, Bite, Dark/null, 35, 55, 35, 30, 30, 35, [Run Away | Rattled]
Mightyena, Bite, Dark/null, 70, 90, 70, 60, 60, 70, [Intimidate | Moxie]
Zigzagoon, Tiny Raccoon, Normal/null, 38, 30, 41, 30, 41, 60, [Pickup | Quick Feet]
Linoone, Rushing, Normal/null, 78, 70, 61, 50, 61, 100, [Pickup | Quick Feet]
Wurmple, Worm, Bug/null, 45, 45, 35, 20, 30, 20, [Shield Dust | Run Away]
Silcoon, Cocoon, Bug/null, 50, 35, 55, 25, 25, 15, [Shed Skin]
Beautifly, Butterfly, Bug/Flying, 60, 70, 50, 90, 50, 65, [Swarm | Rivalry]
Cascoon, Cocoon, Bug/null, 50, 35, 55, 25, 25, 15, [Shed Skin]
Dustox, Poison Moth, Bug/Poison, 60, 50, 70, 50, 90, 65, [Shield Dust | Compound Eyes]
Lotad, Water Weed, Water/Grass, 40, 30, 30, 40, 50, 30, [Swift Swim | Own Tempo]
Lombre, Jolly, Water/Grass, 60, 50, 50, 60, 70, 50, [Swift Swim | Own Tempo]
Ludicolo, Carefree, Water/Grass, 80, 70, 70, 90, 100, 70, [Swift Swim | Own Tempo]
Seedot, Acorn, Grass/null, 40, 40, 50, 30, 30, 30, [Chlorophyll | Pickpocket]
Nuzleaf, Wily, Grass/Dark, 70, 70, 40, 60, 40, 60, [Chlorophyll | Pickpocket]
Shiftry, Wicked, Grass/Dark, 90, 100, 60, 90, 60, 80, [Chlorophyll | Pickpocket]
Taillow, Tiny Swallow, Normal/Flying, 40, 55, 30, 30, 30, 85, [Guts | Scrappy]
Swellow, Swallow, Normal/Flying, 60, 85, 60, 50, 50, 125, [Guts | Scrappy]
Wingull, Seagull, Water/Flying, 40, 30, 30, 55, 30, 85, [Keen Eye | Rain Dish]
Pelipper, Water Bird, Water/Flying, 60, 50, 100, 85, 70, 65, [Keen Eye | Rain Dish]
Ralts, Feeling, Psychic/Fairy, 28, 25, 25, 45, 35, 40, [Synchronize | Telepathy]
Kirlia, Emotion, Psychic/Fairy, 38, 35, 35, 65, 55, 50, [Synchronize | Telepathy]
Gardevoir, Embrace, Psychic/Fairy, 68, 65, 65, 125, 115, 80, [Synchronize | Telepathy]
Surskit, Pond Skater, Bug/Water, 40, 30, 32, 50, 52, 65, [Swift Swim | Rain Dish]
Masquerain, Eyeball, Bug/Flying, 70, 60, 62, 80, 82, 60, [Intimidate | Unnerve]
Shroomish, Mushroom, Grass/null, 60, 40, 60, 40, 60, 35, [Effect Spore | Quick Feet]
Breloom, Mushroom, Grass/Fighting, 60, 130, 80, 60, 60, 70, [Effect Spore | Technician]
Slakoth, Slacker, Normal/null, 60, 60, 60, 35, 35, 30, [Truant]
Vigoroth, Wild Monkey, Normal/null, 80, 80, 80, 55, 55, 90, [Vital Spirit]
Slaking, Lazy, Normal/null, 150, 160, 100, 95, 65, 100, [Truant]
Nincada, Trainee, Bug/Ground, 31, 45, 90, 30, 30, 40, [Compound Eyes | Run Away]
Ninjask, Ninja, Bug/Flying, 61, 90, 45, 50, 50, 160, [Speed Boost | Infiltrator]
Shedinja, Shed, Bug/Ghost, 1, 90, 45, 30, 30, 40, [Wonder Guard]
Whismur, Whisper, Normal/null, 64, 51, 23, 51, 23, 28, [Soundproof | Rattled]
Loudred, Big Voice, Normal/null, 84, 71, 43, 71, 43, 48, [Soundproof | Scrappy]
Exploud, Loud Noise, Normal/null, 104, 91, 63, 91, 63, 68, [Soundproof | Scrappy]
Makuhita, Guts, Fighting/null, 72, 60, 30, 20, 30, 25, [Thick Fat | Sheer Force]
Hariyama, Arm Thrust, Fighting/null, 144, 120, 60, 40, 60, 50, [Thick Fat | Sheer Force]
Azurill, Polka Dot, Normal/Fairy, 50, 20, 40, 20, 40, 20, [Thick Fat | Sap Sipper]
Nosepass, Compass, Rock/null, 30, 45, 135, 45, 90, 30, [Sturdy | Sand Force]
Skitty, Kitten, Normal/null, 50, 45, 45, 35, 35, 50, [Cute Charm | Wonder Skin]
Delcatty, Prim, Normal/null, 70, 65, 65, 55, 55, 70, [Cute Charm | Wonder Skin]
Sableye, Darkness, Dark/Ghost, 50, 75, 75, 65, 65, 50, [Keen Eye | Prankster]
Mawile, Deceiver, Steel/Fairy, 50, 85, 85, 55, 55, 50, [Hyper Cutter | Sheer Force]
Aron, Iron Armor, Steel/Rock, 50, 70, 100, 40, 40, 30, [Sturdy | Heavy Metal]
Lairon, Iron Armor, Steel/Rock, 60, 90, 140, 50, 50, 40, [Sturdy | Heavy Metal]
Aggron, Iron Armor, Steel/Rock, 70, 110, 180, 60, 60, 50, [Sturdy | Heavy Metal]
Meditite, Meditate, Fighting/Psychic, 30, 40, 55, 40, 55, 60, [Pure Power | Telepathy]
Medicham, Meditate, Fighting/Psychic, 60, 60, 75, 60, 75, 80, [Pure Power | Telepathy]
Electrike, Lightning, Electric/null, 40, 45, 40, 65, 40, 65, [Static | Minus]
Manectric, Discharge, Electric/null, 70, 75, 60, 105, 60, 105, [Static | Minus]
Plusle, Cheering, Electric/null, 60, 50, 40, 85, 75, 95, [Plus | Lightning Rod]
Minun, Cheering, Electric/null, 60, 40, 50, 75, 85, 95, [Minus | Volt Absorb]
Volbeat, Firefly, Bug/null, 65, 73, 55, 47, 75, 85, [Illuminate | Prankster]
Illumise, Firefly, Bug/null, 65, 47, 55, 73, 75, 85, [Oblivious | Prankster]
Roselia, Thorn, Grass/Poison, 50, 60, 45, 100, 80, 65, [Natural Cure | Leaf Guard]
Gulpin, Stomach, Poison/null, 70, 43, 53, 43, 53, 40, [Liquid Ooze | Gluttony]
Swalot, Poison Bag, Poison/null, 100, 73, 83, 73, 83, 55, [Liquid Ooze | Gluttony]
Carvanha, Savage, Water/Dark, 45, 90, 20, 65, 20, 65, [Rough Skin | Speed Boost]
Sharpedo, Brutal, Water/Dark, 70, 120, 40, 95, 40, 95, [Rough Skin | Speed Boost]
Wailmer, Ball Whale, Water/null, 130, 70, 35, 70, 35, 60, [Water Veil | Pressure]
Wailord, Float Whale, Water/null, 170, 90, 45, 90, 45, 60, [Water Veil | Pressure]
Numel, Numb, Fire/Ground, 60, 60, 40, 65, 45, 35, [Oblivious | Own Tempo]
Camerupt, Eruption, Fire/Ground, 70, 100, 70, 105, 75, 40, [Magma Armor | Anger Point]
Torkoal, Coal, Fire/null, 70, 85, 140, 85, 70, 20, [White Smoke | Shell Armor]
Spoink, Bounce, Psychic/null, 60, 25, 35, 70, 80, 60, [Thick Fat | Gluttony]
Grumpig, Manipulate, Psychic/null, 80, 45, 65, 90, 110, 80, [Thick Fat | Gluttony]
Spinda, Spot Panda, Normal/null, 60, 60, 60, 60, 60, 60, [Own Tempo | Contrary]
Trapinch, Ant Pit, Ground/null, 45, 100, 45, 45, 45, 10, [Hyper Cutter | Sheer Force]
Vibrava, Vibration, Ground/Dragon, 50, 70, 50, 50, 50, 70, [Levitate]
Flygon, Mystic, Ground/Dragon, 80, 100, 80, 80, 80, 100, [Levitate]
Cacnea, Cactus, Grass/null, 50, 85, 40, 85, 40, 35, [Sand Veil | Water Absorb]
Cacturne, Scarecrow, Grass/Dark, 70, 115, 60, 115, 60, 55, [Sand Veil | Water Absorb]
Swablu, Cotton Bird, Normal/Flying, 45, 40, 60, 40, 75, 50, [Natural Cure | Cloud Nine]
Altaria, Humming, Dragon/Flying, 75, 70, 90, 70, 105, 80, [Natural Cure | Cloud Nine]
Zangoose, Cat Ferret, Normal/null, 73, 115, 60, 60, 60, 90, [Immunity | Toxic Boost]
Seviper, Fang Snake, Poison/null, 73, 100, 60, 100, 60, 65, [Shed Skin | Infiltrator]
Lunatone, Meteorite, Rock/Psychic, 70, 55, 65, 95, 85, 70, [Levitate]
Solrock, Meteorite, Rock/Psychic, 70, 95, 85, 55, 65, 70, [Levitate]
Barboach, Whiskers, Water/Ground, 50, 48, 43, 46, 41, 60, [Oblivious | Hydration]
Whiscash, Whiskers, Water/Ground, 110, 78, 73, 76, 71, 60, [Oblivious | Hydration]
Corphish, Ruffian, Water/null, 43, 80, 65, 50, 35, 35, [Hyper Cutter | Adaptability]
Crawdaunt, Rogue, Water/Dark, 63, 120, 85, 90, 55, 55, [Hyper Cutter | Adaptability]
Baltoy, Clay Doll, Ground/Psychic, 40, 40, 55, 40, 70, 55, [Levitate]
Claydol, Clay Doll, Ground/Psychic, 60, 70, 105, 70, 120, 75, [Levitate]
Lileep, Sea Lily, Rock/Grass, 66, 41, 77, 61, 87, 23, [Suction Cups | Storm Drain]
Cradily, Barnacle, Rock/Grass, 86, 81, 97, 81, 107, 43, [Suction Cups | Storm Drain]
Anorith, Old Shrimp, Rock/Bug, 45, 95, 50, 40, 50, 75, [Battle Armor | Swift Swim]
Armaldo, Plate, Rock/Bug, 75, 125, 100, 70, 80, 45, [Battle Armor | Swift Swim]
Feebas, Fish, Water/null, 20, 15, 20, 10, 55, 80, [Swift Swim | Adaptability]
Milotic, Tender, Water/null, 95, 60, 79, 100, 125, 81, [Marvel Scale | Cute Charm]
Castform, Weather, Normal/null, 70, 70, 70, 70, 70, 70, [Forecast]
Castform, Weather, Fire/null, 70, 70, 70, 70, 70, 70, [Forecast]
Castform, Weather, Water/null, 70, 70, 70, 70, 70, 70, [Forecast]
Castform, Weather, Ice/null, 70, 70, 70, 70, 70, 70, [Forecast]
Kecleon, Color Swap, Normal/null, 60, 90, 70, 60, 120, 40, [Color Change | Protean]
Shuppet, Puppet, Ghost/null, 44, 75, 35, 63, 33, 45, [Insomnia | Cursed Body]
Banette, Marionette, Ghost/null, 64, 115, 65, 83, 63, 65, [Insomnia | Cursed Body]
Duskull, Requiem, Ghost/null, 20, 40, 90, 30, 90, 25, [Levitate | Frisk]
Dusclops, Beckon, Ghost/null, 40, 70, 130, 60, 130, 25, [Pressure | Frisk]
Tropius, Fruit, Grass/Flying, 99, 68, 83, 72, 87, 51, [Chlorophyll | Harvest]
Chimecho, Wind Chime, Psychic/null, 65, 50, 70, 95, 80, 65, [Levitate]
Absol, Disaster, Dark/null, 65, 130, 60, 75, 60, 75, [Pressure | Justified]
Wynaut, Bright, Psychic/null, 95, 23, 48, 23, 48, 23, [Shadow Tag | Telepathy]
Snorunt, Snow Hat, Ice/null, 50, 50, 50, 50, 50, 50, [Inner Focus | Moody]
Glalie, Face, Ice/null, 80, 80, 80, 80, 80, 80, [Inner Focus | Moody]
Spheal, Clap, Ice/Water, 70, 40, 50, 55, 50, 25, [Thick Fat | Oblivious]
Sealeo, Ball Roll, Ice/Water, 90, 60, 70, 75, 70, 45, [Thick Fat | Oblivious]
Walrein, Ice Break, Ice/Water, 110, 80, 90, 95, 90, 65, [Thick Fat | Oblivious]
Clamperl, Bivalve, Water/null, 35, 64, 85, 74, 55, 32, [Shell Armor | Rattled]
Huntail, Deep Sea, Water/null, 55, 104, 105, 94, 75, 52, [Swift Swim | Water Veil]
Gorebyss, South Sea, Water/null, 55, 84, 105, 114, 75, 52, [Swift Swim | Hydration]
Relicanth, Longevity, Water/Rock, 100, 90, 130, 45, 65, 55, [Swift Swim | Sturdy]
Luvdisc, Rendezvous, Water/null, 43, 30, 55, 40, 65, 97, [Swift Swim | Hydration]
Bagon, Rock Head, Dragon/null, 45, 75, 60, 40, 30, 50, [Rock Head | Sheer Force]
Shelgon, Endurance, Dragon/null, 65, 95, 100, 60, 50, 50, [Rock Head | Overcoat]
Salamence, Dragon, Dragon/Flying, 95, 135, 80, 110, 80, 100, [Intimidate | Moxie]
Beldum, Iron Ball, Steel/Psychic, 40, 55, 80, 35, 60, 30, [Clear Body | Light Metal]
Metang, Iron Claw, Steel/Psychic, 60, 75, 100, 55, 80, 50, [Clear Body | Light Metal]
Metagross, Iron Leg, Steel/Psychic, 80, 135, 130, 95, 90, 70, [Clear Body | Light Metal]
Regirock, Rock Peak, Rock/null, 80, 100, 200, 50, 100, 50, [Clear Body | Sturdy]
Regice, Iceberg, Ice/null, 80, 50, 100, 100, 200, 50, [Clear Body | Ice Body]
Registeel, Iron, Steel/null, 80, 75, 150, 75, 150, 50, [Clear Body | Light Metal]
Latias, Eon, Dragon/Psychic, 80, 80, 90, 110, 130, 110, [Levitate]
Latios, Eon, Dragon/Psychic, 80, 90, 80, 130, 110, 110, [Levitate]
Kyogre, Sea Basin, Water/null, 100, 100, 90, 150, 140, 90, [Drizzle | Primordial Sea]
Groudon, Continent, Ground/null, 100, 150, 140, 100, 90, 90, [Drought | Desolate Land]
Rayquaza, Sky High, Dragon/Flying, 105, 150, 90, 150, 90, 95, [Air Lock | Delta Stream]
Jirachi, Wish, Steel/Psychic, 100, 100, 100, 100, 100, 100, [Serene Grace]
Deoxys, DNA, Psychic/null, 50, 150, 50, 150, 50, 150, [Pressure]
Deoxys, DNA, Psychic/null, 50, 150, 50, 150, 50, 150, [Pressure]
Deoxys, DNA, Psychic/null, 50, 150, 50, 150, 50, 150, [Pressure]
Deoxys, DNA, Psychic/null, 50, 150, 50, 150, 50, 150, [Pressure]
Turtwig, Tiny Leaf, Grass/null, 55, 68, 64, 45, 55, 31, [Overgrow | Shell Armor]
Grotle, Grove, Grass/null, 75, 89, 85, 55, 65, 36, [Overgrow | Shell Armor]
Torterra, Continent, Grass/Ground, 95, 109, 105, 75, 85, 56, [Overgrow | Shell Armor]
Chimchar, Chimp, Fire/null, 44, 58, 44, 58, 44, 61, [Blaze | Iron Fist]
Monferno, Playful, Fire/Fighting, 64, 78, 52, 78, 52, 81, [Blaze | Iron Fist]
Infernape, Flame, Fire/Fighting, 76, 104, 71, 104, 71, 108, [Blaze | Iron Fist]
Piplup, Penguin, Water/null, 53, 51, 53, 61, 56, 40, [Torrent | Defiant]
Prinplup, Penguin, Water/null, 64, 66, 68, 81, 76, 50, [Torrent | Defiant]
Empoleon, Emperor, Water/Steel, 84, 86, 88, 111, 101, 60, [Torrent | Defiant]
Starly, Starling, Normal/Flying, 40, 55, 30, 30, 30, 60, [Keen Eye | Reckless]
Staravia, Starling, Normal/Flying, 55, 75, 50, 40, 40, 80, [Intimidate | Reckless]
Staraptor, Predator, Normal/Flying, 85, 120, 70, 50, 50, 100, [Intimidate | Reckless]
Bidoof, Plump Mouse, Normal/null, 59, 45, 40, 35, 40, 31, [Simple | Moody]
Bibarel, Beaver, Normal/Water, 79, 85, 60, 55, 60, 71, [Simple | Moody]
Kricketot, Cricket, Bug/null, 37, 25, 41, 25, 41, 25, [Shed Skin | Run Away]
Kricketune, Cricket, Bug/null, 77, 85, 51, 55, 51, 65, [Swarm | Technician]
Shinx, Flash, Electric/null, 45, 65, 34, 40, 34, 45, [Rivalry | Guts]
Luxio, Spark, Electric/null, 60, 85, 49, 60, 49, 60, [Rivalry | Guts]
Luxray, Gleam Eyes, Electric/null, 80, 120, 79, 95, 79, 70, [Rivalry | Guts]
Budew, Bud, Grass/Poison, 40, 30, 35, 50, 70, 55, [Natural Cure | Leaf Guard]
Roserade, Bouquet, Grass/Poison, 60, 70, 55, 125, 105, 90, [Natural Cure | Technician]
Cranidos, Head Butt, Rock/null, 67, 125, 40, 30, 30, 58, [Mold Breaker | Sheer Force]
Rampardos, Head Butt, Rock/null, 97, 165, 60, 65, 50, 58, [Mold Breaker | Sheer Force]
Shieldon, Shield, Rock/Steel, 30, 42, 118, 42, 88, 30, [Sturdy | Soundproof]
Bastiodon, Shield, Rock/Steel, 60, 52, 168, 47, 138, 30, [Sturdy | Soundproof]
Burmy, Bagworm, Bug/null, 40, 29, 45, 29, 45, 36, [Shed Skin | Overcoat]
Burmy, Bagworm, Bug/null, 40, 29, 45, 29, 45, 36, [Shed Skin | Overcoat]
Burmy, Bagworm, Bug/null, 40, 29, 45, 29, 45, 36, [Shed Skin | Overcoat]
Wormadam, Bagworm, Bug/Grass, 60, 59, 85, 79, 105, 36, [Anticipation | Overcoat]
Wormadam, Bagworm, Bug/Ground, 60, 59, 85, 79, 105, 36, [Anticipation | Overcoat]
Wormadam, Bagworm, Bug/Steel, 60, 59, 85, 79, 105, 36, [Anticipation | Overcoat]
Mothim, Moth, Bug/Flying, 70, 94, 50, 94, 50, 66, [Swarm | Tinted Lens]
Combee, Tiny Bee, Bug/Flying, 30, 30, 42, 30, 42, 70, [Honey Gather | Hustle]
Vespiquen, Beehive, Bug/Flying, 70, 80, 102, 80, 102, 40, [Pressure | Unnerve]
Pachirisu, EleSquirrel, Electric/null, 60, 45, 70, 45, 90, 95, [Run Away | Volt Absorb]
Buizel, Sea Weasel, Water/null, 55, 65, 35, 60, 30, 85, [Swift Swim | Water Veil]
Floatzel, Sea Weasel, Water/null, 85, 105, 55, 85, 50, 115, [Swift Swim | Water Veil]
Cherubi, Cherry, Grass/null, 45, 35, 45, 62, 53, 35, [Chlorophyll]
Cherrim, Blossom, Grass/null, 70, 60, 70, 87, 78, 85, [Flower Gift]
Shellos, Sea Slug, Water/null, 76, 48, 48, 57, 62, 34, [Sticky Hold | Sand Force]
Shellos, Sea Slug, Water/null, 76, 48, 48, 57, 62, 34, [Sticky Hold | Sand Force]
Gastrodon, Sea Slug, Water/Ground, 111, 83, 68, 92, 82, 39, [Sticky Hold | Sand Force]
Gastrodon, Sea Slug, Water/Ground, 111, 83, 68, 92, 82, 39, [Sticky Hold | Sand Force]
Ambipom, Long Tail, Normal/null, 75, 100, 66, 60, 66, 115, [Technician | Skill Link]
Drifloon, Balloon, Ghost/Flying, 90, 50, 34, 60, 44, 70, [Aftermath | Flare Boost]
Drifblim, Blimp, Ghost/Flying, 150, 80, 44, 90, 54, 80, [Aftermath | Flare Boost]
Buneary, Rabbit, Normal/null, 55, 66, 44, 44, 56, 85, [Run Away | Limber]
Lopunny, Rabbit, Normal/null, 65, 76, 84, 54, 96, 105, [Cute Charm | Limber]
Mismagius, Magical, Ghost/null, 60, 60, 60, 105, 105, 105, [Levitate]
Honchkrow, Big Boss, Dark/Flying, 100, 125, 52, 105, 52, 71, [Insomnia | Moxie]
Glameow, Catty, Normal/null, 49, 55, 42, 42, 37, 85, [Limber | Keen Eye]
Purugly, Tiger Cat, Normal/null, 71, 82, 64, 64, 59, 112, [Thick Fat | Defiant]
Chingling, Bell, Psychic/null, 45, 30, 50, 65, 50, 45, [Levitate]
Stunky, Skunk, Poison/Dark, 63, 63, 47, 41, 41, 74, [Stench | Keen Eye]
Skuntank, Skunk, Poison/Dark, 103, 93, 67, 71, 61, 84, [Stench | Keen Eye]
Bronzor, Bronze, Steel/Psychic, 57, 24, 86, 24, 86, 23, [Levitate | Heavy Metal]
Bronzong, Bronze Bell, Steel/Psychic, 67, 89, 116, 79, 116, 33, [Levitate | Heavy Metal]
Bonsly, Bonsai, Rock/null, 50, 80, 95, 10, 45, 10, [Sturdy | Rattled]
Mime Jr., Mime, Psychic/Fairy, 20, 25, 45, 70, 90, 60, [Soundproof | Technician]
Happiny, Playhouse, Normal/null, 100, 5, 5, 15, 65, 30, [Natural Cure | Friend Guard]
Chatot, Music Note, Normal/Flying, 76, 65, 45, 92, 42, 91, [Keen Eye | Big Pecks]
Spiritomb, Forbidden, Ghost/Dark, 50, 92, 108, 92, 108, 35, [Pressure | Infiltrator]
Gible, Land Shark, Dragon/Ground, 58, 70, 45, 40, 45, 42, [Sand Veil | Rough Skin]
Gabite, Cave, Dragon/Ground, 68, 90, 65, 50, 55, 82, [Sand Veil | Rough Skin]
Garchomp, Mach, Dragon/Ground, 108, 130, 95, 80, 85, 102, [Sand Veil | Rough Skin]
Munchlax, Big Eater, Normal/null, 135, 85, 40, 40, 85, 5, [Pickup | Gluttony]
Riolu, Emanation, Fighting/null, 40, 70, 40, 35, 40, 60, [Steadfast | Prankster]
Lucario, Aura, Fighting/Steel, 70, 110, 70, 115, 70, 90, [Steadfast | Justified]
Hippopotas, Hippo, Ground/null, 68, 72, 78, 38, 42, 32, [Sand Stream | Sand Force]
Hippowdon, Heavyweight, Ground/null, 108, 112, 118, 68, 72, 47, [Sand Stream | Sand Force]
Skorupi, Scorpion, Poison/Bug, 40, 50, 90, 30, 55, 65, [Battle Armor | Keen Eye]
Drapion, Ogre Scorpion, Poison/Dark, 70, 90, 110, 60, 75, 95, [Battle Armor | Keen Eye]
Croagunk, Toxic Mouth, Poison/Fighting, 48, 61, 40, 61, 40, 50, [Anticipation | Poison Touch]
Toxicroak, Toxic Mouth, Poison/Fighting, 83, 106, 65, 86, 65, 85, [Anticipation | Poison Touch]
Carnivine, Bug Catcher, Grass/null, 74, 100, 72, 90, 72, 46, [Levitate]
Finneon, Wing Fish, Water/null, 49, 49, 56, 49, 61, 66, [Swift Swim | Water Veil]
Lumineon, Neon, Water/null, 69, 69, 76, 69, 86, 91, [Swift Swim | Water Veil]
Mantyke, Kite, Water/Flying, 45, 20, 50, 60, 120, 50, [Swift Swim | Water Veil]
Snover, Frost Tree, Grass/Ice, 60, 62, 50, 62, 60, 40, [Snow Warning | Soundproof]
Abomasnow, Frost Tree, Grass/Ice, 90, 92, 75, 92, 85, 60, [Snow Warning | Soundproof]
Weavile, Sharp Claw, Dark/Ice, 70, 120, 65, 45, 85, 125, [Pressure | Pickpocket]
Magnezone, Magnet Area, Electric/Steel, 70, 70, 115, 130, 90, 60, [Magnet Pull | Analytic]
Lickilicky, Licking, Normal/null, 110, 85, 95, 80, 95, 50, [Own Tempo | Cloud Nine]
Rhyperior, Drill, Ground/Rock, 115, 140, 130, 55, 55, 40, [Lightning Rod | Reckless]
Tangrowth, Vine, Grass/null, 100, 100, 125, 110, 50, 50, [Chlorophyll | Regenerator]
Electivire, Thunderbolt, Electric/null, 75, 123, 67, 95, 85, 95, [Motor Drive | Vital Spirit]
Magmortar, Blast, Fire/null, 75, 95, 67, 125, 95, 83, [Flame Body | Vital Spirit]
Togekiss, Jubilee, Fairy/Flying, 85, 50, 95, 120, 115, 80, [Hustle | Super Luck]
Yanmega, Ogre Darner, Bug/Flying, 86, 76, 86, 116, 56, 95, [Speed Boost | Frisk]
Leafeon, Verdant, Grass/null, 65, 110, 130, 60, 65, 95, [Leaf Guard | Chlorophyll]
Glaceon, Fresh Snow, Ice/null, 65, 60, 110, 130, 95, 65, [Snow Cloak | Ice Body]
Gliscor, Fang Scorpion, Ground/Flying, 75, 95, 125, 45, 75, 95, [Hyper Cutter | Poison Heal]
Mamoswine, Twin Tusk, Ice/Ground, 110, 130, 80, 70, 60, 80, [Oblivious | Thick Fat]
Porygon-Z, Virtual, Normal/null, 85, 80, 70, 135, 75, 90, [Adaptability | Analytic]
Gallade, Blade, Psychic/Fighting, 68, 125, 65, 65, 115, 80, [Steadfast | Justified]
Probopass, Compass, Rock/Steel, 60, 55, 145, 75, 150, 40, [Sturdy | Sand Force]
Dusknoir, Gripper, Ghost/null, 45, 100, 135, 65, 135, 45, [Pressure | Frisk]
Froslass, Snow Land, Ice/Ghost, 70, 80, 70, 80, 70, 110, [Snow Cloak | Cursed Body]
Rotom, Plasma, Electric/Ghost, 50, 50, 77, 95, 77, 91, [Levitate]
Rotom, Plasma, Electric/Fire, 50, 50, 77, 95, 77, 91, [Levitate]
Rotom, Plasma, Electric/Water, 50, 50, 77, 95, 77, 91, [Levitate]
Rotom, Plasma, Electric/Ice, 50, 50, 77, 95, 77, 91, [Levitate]
Rotom, Plasma, Electric/Flying, 50, 50, 77, 95, 77, 91, [Levitate]
Rotom, Plasma, Electric/Grass, 50, 50, 77, 95, 77, 91, [Levitate]
Uxie, Knowledge, Psychic/null, 75, 75, 130, 75, 130, 95, [Levitate]
Mesprit, Emotion, Psychic/null, 80, 105, 105, 105, 105, 80, [Levitate]
Azelf, Willpower, Psychic/null, 75, 125, 70, 125, 70, 115, [Levitate]
Dialga, Temporal, Steel/Dragon, 100, 120, 120, 150, 100, 90, [Pressure | Telepathy]
Palkia, Spatial, Water/Dragon, 90, 120, 100, 150, 120, 100, [Pressure | Telepathy]
Heatran, Lava Dome, Fire/Steel, 91, 90, 106, 130, 106, 77, [Flash Fire | Flame Body]
Regigigas, Colossal, Normal/null, 110, 160, 110, 80, 110, 100, [Slow Start]
Giratina, Renegade, Ghost/Dragon, 150, 100, 120, 100, 120, 90, [Pressure | Levitate]
Giratina, Renegade, Ghost/Dragon, 150, 100, 120, 100, 120, 90, [Pressure | Levitate]
Cresselia, Lunar, Psychic/null, 120, 70, 120, 75, 130, 85, [Levitate]
Phione, Sea Drifter, Water/null, 80, 80, 80, 80, 80, 80, [Hydration]
Manaphy, Seafaring, Water/null, 100, 100, 100, 100, 100, 100, [Hydration]
Darkrai, Pitch-Black, Dark/null, 70, 90, 90, 135, 90, 125, [Bad Dreams]
Shaymin, Gratitude, Grass/null, 100, 100, 100, 100, 100, 100, [Natural Cure | Serene Grace]
Shaymin, Gratitude, Grass/Flying, 100, 100, 100, 100, 100, 100, [Natural Cure | Serene Grace]
Arceus, Alpha, Normal/null, 120, 120, 120, 120, 120, 120, [Multitype]
Victini, Victory, Psychic/Fire, 100, 100, 100, 100, 100, 100, [Victory Star]
Snivy, Grass Snake, Grass/null, 45, 45, 55, 45, 55, 63, [Overgrow | Contrary]
Servine, Grass Snake, Grass/null, 60, 60, 75, 60, 75, 83, [Overgrow | Contrary]
Serperior, Regal, Grass/null, 75, 75, 95, 75, 95, 113, [Overgrow | Contrary]
Tepig, Fire Pig, Fire/null, 65, 63, 45, 45, 45, 45, [Blaze | Thick Fat]
Pignite, Fire Pig, Fire/Fighting, 90, 93, 55, 70, 55, 55, [Blaze | Thick Fat]
Emboar, Mega Fire Pig, Fire/Fighting, 110, 123, 65, 100, 65, 65, [Blaze | Reckless]
Oshawott, Sea Otter, Water/null, 55, 55, 45, 63, 45, 45, [Torrent | Shell Armor]
Dewott, Discipline, Water/null, 75, 75, 60, 83, 60, 60, [Torrent | Shell Armor]
Samurott, Formidable, Water/null, 95, 100, 85, 108, 70, 70, [Torrent | Shell Armor]
Patrat, Scout, Normal/null, 45, 55, 39, 35, 39, 42, [Run Away | Analytic]
Watchog, Lookout, Normal/null, 60, 85, 69, 60, 69, 77, [Illuminate | Analytic]
Lillipup, Puppy, Normal/null, 45, 60, 45, 25, 45, 55, [Vital Spirit | Run Away]
Herdier, Loyal Dog, Normal/null, 65, 80, 65, 35, 65, 60, [Intimidate | Scrappy]
Stoutland, Big-Hearted, Normal/null, 85, 100, 90, 45, 90, 80, [Intimidate | Scrappy]
Purrloin, Devious, Dark/null, 41, 50, 37, 50, 37, 66, [Limber | Prankster]
Liepard, Cruel, Dark/null, 64, 88, 50, 88, 50, 106, [Limber | Prankster]
Pansage, Grass Monkey, Grass/null, 50, 53, 48, 53, 48, 64, [Gluttony | Overgrow]
Simisage, Thorn Monkey, Grass/null, 75, 98, 63, 98, 63, 101, [Gluttony | Overgrow]
Pansear, High Temp, Fire/null, 50, 53, 48, 53, 48, 64, [Gluttony | Blaze]
Simisear, Ember, Fire/null, 75, 98, 63, 98, 63, 101, [Gluttony | Blaze]
Panpour, Spray, Water/null, 50, 53, 48, 53, 48, 64, [Gluttony | Torrent]
Simipour, Geyser, Water/null, 75, 98, 63, 98, 63, 101, [Gluttony | Torrent]
Munna, Dream Eater, Psychic/null, 76, 25, 45, 67, 55, 24, [Forewarn | Telepathy]
Musharna, Drowsing, Psychic/null, 116, 55, 85, 107, 95, 29, [Forewarn | Telepathy]
Pidove, Tiny Pigeon, Normal/Flying, 50, 55, 50, 36, 30, 43, [Big Pecks | Rivalry]
Tranquill, Wild Pigeon, Normal/Flying, 62, 77, 62, 50, 42, 65, [Big Pecks | Rivalry]
Unfezant, Proud, Normal/Flying, 80, 105, 80, 65, 55, 93, [Big Pecks | Rivalry]
Unfezant, Proud, Normal/Flying, 80, 105, 80, 65, 55, 93, [Big Pecks | Rivalry]
Blitzle, Electrified, Electric/null, 45, 60, 32, 50, 32, 76, [Lightning Rod | Sap Sipper]
Zebstrika, Thunderbolt, Electric/null, 75, 100, 63, 80, 63, 116, [Lightning Rod | Sap Sipper]
Roggenrola, Mantle, Rock/null, 55, 75, 85, 25, 25, 15, [Sturdy | Sand Force]
Boldore, Ore, Rock/null, 70, 105, 105, 50, 40, 20, [Sturdy | Sand Force]
Gigalith, Compressed, Rock/null, 85, 135, 130, 60, 70, 25, [Sturdy | Sand Force]
Woobat, Bat, Psychic/Flying, 55, 45, 43, 55, 43, 72, [Unaware | Simple]
Swoobat, Courting, Psychic/Flying, 67, 57, 55, 77, 55, 114, [Unaware | Simple]
Drilbur, Mole, Ground/null, 60, 85, 40, 30, 45, 68, [Sand Rush | Mold Breaker]
Excadrill, Subterrene, Ground/Steel, 110, 135, 60, 50, 65, 88, [Sand Rush | Mold Breaker]
Audino, Hearing, Normal/null, 103, 60, 86, 60, 86, 50, [Healer | Klutz]
Timburr, Muscular, Fighting/null, 75, 80, 55, 25, 35, 35, [Guts | Iron Fist]
Gurdurr, Muscular, Fighting/null, 85, 105, 85, 40, 50, 40, [Guts | Iron Fist]
Conkeldurr, Muscular, Fighting/null, 105, 140, 95, 55, 65, 45, [Guts | Iron Fist]
Tympole, Tadpole, Water/null, 50, 50, 40, 50, 40, 64, [Swift Swim | Water Absorb]
Palpitoad, Vibration, Water/Ground, 75, 65, 55, 65, 55, 69, [Swift Swim | Water Absorb]
Seismitoad, Vibration, Water/Ground, 105, 85, 75, 85, 75, 74, [Swift Swim | Water Absorb]
Throh, Judo, Fighting/null, 120, 100, 85, 30, 85, 45, [Guts | Mold Breaker]
Sawk, Karate, Fighting/null, 75, 125, 75, 30, 75, 85, [Sturdy | Mold Breaker]
Sewaddle, Sewing, Bug/Grass, 45, 53, 70, 40, 60, 42, [Swarm | Overcoat]
Swadloon, Leaf-Wrapped, Bug/Grass, 55, 63, 90, 50, 80, 42, [Leaf Guard | Overcoat]
Leavanny, Nurturing, Bug/Grass, 75, 103, 80, 70, 70, 92, [Swarm | Overcoat]
Venipede, Centipede, Bug/Poison, 30, 45, 59, 30, 39, 57, [Poison Point | Speed Boost]
Whirlipede, Curlipede, Bug/Poison, 40, 55, 99, 40, 79, 47, [Poison Point | Speed Boost]
Scolipede, Megapede, Bug/Poison, 60, 90, 89, 55, 69, 112, [Poison Point | Speed Boost]
Cottonee, Cotton Puff, Grass/Fairy, 40, 27, 60, 37, 50, 66, [Prankster | Chlorophyll]
Whimsicott, Windveiled, Grass/Fairy, 60, 67, 85, 77, 75, 116, [Prankster | Chlorophyll]
Petilil, Bulb, Grass/null, 45, 35, 50, 70, 50, 30, [Chlorophyll | Leaf Guard]
Lilligant, Flowering, Grass/null, 70, 60, 75, 110, 75, 90, [Chlorophyll | Leaf Guard]
Basculin, Hostile, Water/null, 70, 92, 65, 80, 55, 98, [Reckless | Rock Head]
Basculin, Hostile, Water/null, 70, 92, 65, 80, 55, 98, [Reckless | Rock Head]
Sandile, Desert Croc, Ground/Dark, 50, 72, 35, 35, 35, 65, [Intimidate | Anger Point]
Krokorok, Desert Croc, Ground/Dark, 60, 82, 45, 45, 45, 74, [Intimidate | Anger Point]
Krookodile, Intimidation, Ground/Dark, 95, 117, 70, 65, 70, 92, [Intimidate | Anger Point]
Darumaka, Zen Charm, Fire/null, 70, 90, 45, 15, 45, 50, [Hustle | Inner Focus]
Darmanitan, Blazing, Fire/null, 105, 140, 55, 30, 55, 95, [Sheer Force | Zen Mode]
Darmanitan, Blazing, Fire/Psychic, 105, 140, 55, 30, 55, 95, [Sheer Force | Zen Mode]
Maractus, Cactus, Grass/null, 75, 86, 67, 106, 67, 60, [Water Absorb | Storm Drain]
Dwebble, Rock Inn, Bug/Rock, 50, 65, 85, 35, 35, 55, [Sturdy | Weak Armor]
Crustle, Stone Home, Bug/Rock, 70, 95, 125, 65, 75, 45, [Sturdy | Weak Armor]
Scraggy, Shedding, Dark/Fighting, 50, 75, 70, 35, 70, 48, [Shed Skin | Intimidate]
Scrafty, Hoodlum, Dark/Fighting, 65, 90, 115, 45, 115, 58, [Shed Skin | Intimidate]
Sigilyph, Avianoid, Psychic/Flying, 72, 58, 80, 103, 80, 97, [Wonder Skin | Tinted Lens]
Yamask, Spirit, Ghost/null, 38, 30, 85, 55, 65, 30, [Mummy]
Cofagrigus, Coffin, Ghost/null, 58, 50, 145, 95, 105, 30, [Mummy]
Tirtouga, Prototurtle, Water/Rock, 54, 78, 103, 53, 45, 22, [Solid Rock | Swift Swim]
Carracosta, Prototurtle, Water/Rock, 74, 108, 133, 83, 65, 32, [Solid Rock | Swift Swim]
Archen, First Bird, Rock/Flying, 55, 112, 45, 74, 45, 70, [Defeatist]
Archeops, First Bird, Rock/Flying, 75, 140, 65, 112, 65, 110, [Defeatist]
Trubbish, Trash Bag, Poison/null, 50, 50, 62, 40, 62, 65, [Stench | Aftermath]
Garbodor, Trash Heap, Poison/null, 80, 95, 82, 60, 82, 75, [Stench | Aftermath]
Zorua, Tricky Fox, Dark/null, 40, 65, 40, 80, 40, 65, [Illusion]
Zoroark, Illusion Fox, Dark/null, 60, 105, 60, 120, 60, 105, [Illusion]
Minccino, Chinchilla, Normal/null, 55, 50, 40, 40, 40, 75, [Cute Charm | Skill Link]
Cinccino, Scarf, Normal/null, 75, 95, 60, 65, 60, 115, [Cute Charm | Skill Link]
Gothita, Fixation, Psychic/null, 45, 30, 50, 55, 65, 45, [Frisk | Shadow Tag]
Gothorita, Manipulate, Psychic/null, 60, 45, 70, 75, 85, 55, [Frisk | Shadow Tag]
Gothitelle, Astral Body, Psychic/null, 70, 55, 95, 95, 110, 65, [Frisk | Shadow Tag]
Solosis, Cell, Psychic/null, 45, 30, 40, 105, 50, 20, [Overcoat | Regenerator]
Duosion, Mitosis, Psychic/null, 65, 40, 50, 125, 60, 30, [Overcoat | Regenerator]
Reuniclus, Multiplying, Psychic/null, 110, 65, 75, 125, 85, 30, [Overcoat | Regenerator]
Ducklett, Water Bird, Water/Flying, 62, 44, 50, 44, 50, 55, [Keen Eye | Hydration]
Swanna, White Bird, Water/Flying, 75, 87, 63, 87, 63, 98, [Keen Eye | Hydration]
Vanillite, Fresh Snow, Ice/null, 36, 50, 50, 65, 60, 44, [Ice Body | Weak Armor]
Vanillish, Icy Snow, Ice/null, 51, 65, 65, 80, 75, 59, [Ice Body | Weak Armor]
Vanilluxe, Snowstorm, Ice/null, 71, 95, 85, 110, 95, 79, [Ice Body | Weak Armor]
Deerling, Season, Normal/Grass, 60, 60, 50, 40, 50, 75, [Chlorophyll | Serene Grace]
Sawsbuck, Season, Normal/Grass, 80, 100, 70, 60, 70, 95, [Chlorophyll | Serene Grace]
Emolga, Sky Squirrel, Electric/Flying, 55, 75, 60, 75, 60, 103, [Static | Motor Drive]
Karrablast, Clamping, Bug/null, 50, 75, 45, 40, 45, 60, [Swarm | No Guard]
Escavalier, Cavalry, Bug/Steel, 70, 135, 105, 60, 105, 20, [Swarm | Overcoat]
Foongus, Mushroom, Grass/Poison, 69, 55, 45, 55, 55, 15, [Effect Spore | Regenerator]
Amoonguss, Mushroom, Grass/Poison, 114, 85, 70, 85, 80, 30, [Effect Spore | Regenerator]
Frillish, Floating, Water/Ghost, 55, 40, 50, 65, 85, 40, [Water Absorb | Damp]
Frillish, Floating, Water/Ghost, 55, 40, 50, 65, 85, 40, [Water Absorb | Damp]
Jellicent, Floating, Water/Ghost, 100, 60, 70, 85, 105, 60, [Water Absorb | Damp]
Jellicent, Floating, Water/Ghost, 100, 60, 70, 85, 105, 60, [Water Absorb | Damp]
Alomomola, Caring, Water/null, 165, 75, 80, 40, 45, 65, [Healer | Regenerator]
Joltik, Attaching, Bug/Electric, 50, 47, 50, 57, 50, 65, [Compound Eyes | Swarm]
Galvantula, EleSpider, Bug/Electric, 70, 77, 60, 97, 60, 108, [Compound Eyes | Swarm]
Ferroseed, Thorn Seed, Grass/Steel, 44, 50, 91, 24, 86, 10, [Iron Barbs]
Ferrothorn, Thorn Pod, Grass/Steel, 74, 94, 131, 54, 116, 20, [Iron Barbs | Anticipation]
Klink, Gear, Steel/null, 40, 55, 70, 45, 60, 30, [Plus | Clear Body]
Klang, Gear, Steel/null, 60, 80, 95, 70, 85, 50, [Plus | Clear Body]
Klinklang, Gear, Steel/null, 60, 100, 115, 70, 85, 90, [Plus | Clear Body]
Tynamo, EleFish, Electric/null, 35, 55, 40, 45, 40, 60, [Levitate]
Eelektrik, EleFish, Electric/null, 65, 85, 70, 75, 70, 40, [Levitate]
Eelektross, EleFish, Electric/null, 85, 115, 80, 105, 80, 50, [Levitate]
Elgyem, Cerebral, Psychic/null, 55, 55, 55, 85, 55, 30, [Telepathy | Analytic]
Beheeyem, Cerebral, Psychic/null, 75, 75, 75, 125, 95, 40, [Telepathy | Analytic]
Litwick, Candle, Ghost/Fire, 50, 30, 55, 65, 55, 20, [Flash Fire | Infiltrator]
Lampent, Lamp, Ghost/Fire, 60, 40, 60, 95, 60, 55, [Flash Fire | Infiltrator]
Chandelure, Luring, Ghost/Fire, 60, 55, 90, 145, 90, 80, [Flash Fire | Infiltrator]
Axew, Tusk, Dragon/null, 46, 87, 60, 30, 40, 57, [Rivalry | Unnerve]
Fraxure, Axe Jaw, Dragon/null, 66, 117, 70, 40, 50, 67, [Rivalry | Unnerve]
Haxorus, Axe Jaw, Dragon/null, 76, 147, 90, 60, 70, 97, [Rivalry | Unnerve]
Cubchoo, Chill, Ice/null, 55, 70, 40, 60, 40, 40, [Snow Cloak | Rattled]
Beartic, Freezing, Ice/null, 95, 110, 80, 70, 80, 50, [Snow Cloak | Swift Swim]
Cryogonal, Crystallizing, Ice/null, 70, 50, 30, 95, 135, 105, [Levitate]
Shelmet, Snail, Bug/null, 50, 40, 85, 40, 65, 25, [Hydration | Overcoat]
Accelgor, Shell Out, Bug/null, 80, 70, 40, 100, 60, 145, [Hydration | Unburden]
Stunfisk, Trap, Ground/Electric, 109, 66, 84, 81, 99, 32, [Static | Sand Veil]
Mienfoo, Martial Arts, Fighting/null, 45, 85, 50, 55, 50, 65, [Inner Focus | Reckless]
Mienshao, Martial Arts, Fighting/null, 65, 125, 60, 95, 60, 105, [Inner Focus | Reckless]
Druddigon, Cave, Dragon/null, 77, 120, 90, 60, 90, 48, [Rough Skin | Mold Breaker]
Golett, Automaton, Ground/Ghost, 59, 74, 50, 35, 50, 35, [Iron Fist | No Guard]
Golurk, Automaton, Ground/Ghost, 89, 124, 80, 55, 80, 55, [Iron Fist | No Guard]
Pawniard, Sharp Blade, Dark/Steel, 45, 85, 70, 40, 40, 60, [Defiant | Pressure]
Bisharp, Sword Blade, Dark/Steel, 65, 125, 100, 60, 70, 70, [Defiant | Pressure]
Bouffalant, Bash Buffalo, Normal/null, 95, 110, 95, 40, 95, 55, [Reckless | Soundproof]
Rufflet, Eaglet, Normal/Flying, 70, 83, 50, 37, 50, 60, [Keen Eye | Hustle]
Braviary, Valiant, Normal/Flying, 100, 123, 75, 57, 75, 80, [Keen Eye | Defiant]
Vullaby, Diapered, Dark/Flying, 70, 55, 75, 45, 65, 60, [Big Pecks | Weak Armor]
Mandibuzz, Bone Vulture, Dark/Flying, 110, 65, 105, 55, 95, 80, [Big Pecks | Weak Armor]
Heatmor, Anteater, Fire/null, 85, 97, 66, 105, 66, 65, [Gluttony | White Smoke]
Durant, Iron Ant, Bug/Steel, 58, 109, 112, 48, 48, 109, [Swarm | Truant]
Deino, Irate, Dark/Dragon, 52, 65, 50, 45, 50, 38, [Hustle]
Zweilous, Hostile, Dark/Dragon, 72, 85, 70, 65, 70, 58, [Hustle]
Hydreigon, Brutal, Dark/Dragon, 92, 105, 90, 125, 90, 98, [Levitate]
Larvesta, Torch, Bug/Fire, 55, 85, 55, 50, 55, 60, [Flame Body | Swarm]
Volcarona, Sun, Bug/Fire, 85, 60, 65, 135, 105, 100, [Flame Body | Swarm]
Cobalion, Iron Will, Steel/Fighting, 91, 90, 129, 90, 72, 108, [Justified]
Terrakion, Cavern, Rock/Fighting, 91, 129, 90, 72, 90, 108, [Justified]
Virizion, Grassland, Grass/Fighting, 91, 90, 72, 90, 129, 108, [Justified]
Tornadus, Cyclone, Flying/null, 79, 115, 70, 125, 80, 111, [Prankster | Regenerator]
Thundurus, Bolt Strike, Electric/Flying, 79, 115, 70, 125, 80, 111, [Prankster | Volt Absorb]
Reshiram, Vast White, Dragon/Fire, 100, 120, 100, 150, 120, 90, [Turboblaze]
Zekrom, Deep Black, Dragon/Electric, 100, 150, 120, 120, 100, 90, [Teravolt]
Landorus, Abundance, Ground/Flying, 89, 125, 90, 115, 80, 101, [Sand Force | Intimidate]
Kyurem, Boundary, Dragon/Ice, 125, 130, 90, 130, 90, 95, [Pressure]
Keldeo, Colt, Water/Fighting, 91, 72, 90, 129, 90, 108, [Justified]
Meloetta, Melody, Normal/Psychic, 100, 77, 77, 128, 128, 90, [Serene Grace]
Meloetta, Melody, Normal/Fighting, 100, 77, 77, 128, 128, 90, [Serene Grace]
Genesect, Paleozoic, Bug/Steel, 71, 120, 95, 120, 95, 99, [Download]
Chespin, Spiny Nut, Grass/null, 56, 61, 65, 48, 45, 38, [Overgrow | Bulletproof]
Quilladin, Spiny Armor, Grass/null, 61, 78, 95, 56, 58, 57, [Overgrow | Bulletproof]
Chesnaught, Spiny Armor, Grass/Fighting, 88, 107, 122, 74, 75, 64, [Overgrow | Bulletproof]
Fennekin, Fox, Fire/null, 40, 45, 40, 62, 60, 60, [Blaze | Magician]
Braixen, Fox, Fire/null, 59, 59, 58, 90, 70, 73, [Blaze | Magician]
Delphox, Fox, Fire/Psychic, 75, 69, 72, 114, 100, 104, [Blaze | Magician]
Froakie, Bubble Frog, Water/null, 41, 56, 40, 62, 44, 71, [Torrent | Protean]
Frogadier, Bubble Frog, Water/null, 54, 63, 52, 83, 56, 97, [Torrent | Protean]
Greninja, Ninja, Water/Dark, 72, 95, 67, 103, 71, 122, [Torrent | Protean]
Bunnelby, Digging, Normal/null, 38, 36, 38, 32, 36, 57, [Pickup | Huge Power]
Diggersby, Digging, Normal/Ground, 85, 56, 77, 50, 77, 78, [Pickup | Huge Power]
Fletchling, Tiny Robin, Normal/Flying, 45, 50, 43, 40, 38, 62, [Big Pecks | Gale Wings]
Fletchinder, Ember, Fire/Flying, 62, 73, 55, 56, 52, 84, [Flame Body | Gale Wings]
Talonflame, Scorching, Fire/Flying, 78, 81, 71, 74, 69, 126, [Flame Body | Gale Wings]
Scatterbug, Scatterdust, Bug/null, 38, 35, 40, 27, 25, 35, [Shield Dust | Friend Guard]
Spewpa, Scatterdust, Bug/null, 45, 22, 60, 27, 30, 29, [Shed Skin | Friend Guard]
Vivillon, Scale, Bug/Flying, 80, 52, 50, 90, 50, 89, [Shield Dust | Friend Guard]
Litleo, Lion Cub, Fire/Normal, 62, 50, 58, 73, 54, 72, [Rivalry | Moxie]
Pyroar, Royal, Fire/Normal, 86, 68, 72, 109, 66, 106, [Rivalry | Moxie]
Flabébé, Single Bloom, Fairy/null, 44, 38, 39, 61, 79, 42, [Flower Veil | Symbiosis]
Floette, Single Bloom, Fairy/null, 54, 45, 47, 75, 98, 52, [Flower Veil | Symbiosis]
Florges, Garden, Fairy/null, 78, 65, 68, 112, 154, 75, [Flower Veil | Symbiosis]
Skiddo, Mount, Grass/null, 66, 65, 48, 62, 57, 52, [Sap Sipper | Grass Pelt]
Gogoat, Mount, Grass/null, 123, 100, 62, 97, 81, 68, [Sap Sipper | Grass Pelt]
Pancham, Playful, Fighting/null, 67, 82, 62, 46, 48, 43, [Iron Fist | Scrappy]
Pangoro, Daunting, Fighting/Dark, 95, 124, 78, 69, 71, 58, [Iron Fist | Scrappy]
Furfrou, Poodle, Normal/null, 75, 80, 60, 65, 90, 102, [Fur Coat]
Espurr, Restraint, Psychic/null, 62, 48, 54, 63, 60, 68, [Keen Eye | Own Tempo]
Meowstic, Constraint, Psychic/null, 74, 48, 76, 83, 81, 104, [Keen Eye]
Honedge, Sword, Steel/Ghost, 45, 80, 100, 35, 37, 28, [No Guard]
Doublade, Sword, Steel/Ghost, 59, 110, 150, 45, 49, 35, [No Guard]
Aegislash, Royal Sword, Steel/Ghost, 60, 50, 150, 50, 150, 60, [Stance Change]
Spritzee, Perfume, Fairy/null, 78, 52, 60, 63, 65, 23, [Healer | Aroma Veil]
Aromatisse, Fragrance, Fairy/null, 101, 72, 72, 99, 89, 29, [Healer | Aroma Veil]
Swirlix, Cotton Candy, Fairy/null, 62, 48, 66, 59, 57, 49, [Sweet Veil | Unburden]
Slurpuff, Meringue, Fairy/null, 82, 80, 86, 85, 75, 72, [Sweet Veil | Unburden]
Inkay, Revolving, Dark/Psychic, 53, 54, 53, 37, 46, 45, [Suction Cups | Infiltrator]
Malamar, Overturning, Dark/Psychic, 86, 92, 88, 68, 75, 73, [Suction Cups | Infiltrator]
Binacle, Two-Handed, Rock/Water, 42, 52, 67, 39, 56, 50, [Sniper | Pickpocket]
Barbaracle, Collective, Rock/Water, 72, 105, 115, 54, 86, 68, [Sniper | Pickpocket]
Skrelp, Mock Kelp, Poison/Water, 50, 60, 60, 60, 60, 30, [Poison Point | Adaptability]
Dragalge, Mock Kelp, Poison/Dragon, 65, 75, 90, 97, 123, 44, [Poison Point | Adaptability]
Clauncher, Water Gun, Water/null, 50, 53, 62, 58, 63, 44, [Mega Launcher]
Clawitzer, Howitzer, Water/null, 71, 73, 88, 120, 89, 59, [Mega Launcher]
Helioptile, Generator, Electric/Normal, 44, 38, 33, 61, 43, 70, [Dry Skin | Solar Power]
Heliolisk, Generator, Electric/Normal, 62, 55, 52, 109, 94, 109, [Dry Skin | Solar Power]
Tyrunt, Royal Heir, Rock/Dragon, 58, 89, 77, 45, 45, 48, [Strong Jaw | Sturdy]
Tyrantrum, Despot, Rock/Dragon, 82, 121, 119, 69, 59, 71, [Strong Jaw | Rock Head]
Amaura, Tundra, Rock/Ice, 77, 59, 50, 67, 63, 46, [Refrigerate | Snow Warning]
Aurorus, Tundra, Rock/Ice, 123, 77, 72, 99, 92, 58, [Refrigerate | Snow Warning]
Sylveon, Intertwining, Fairy/null, 95, 65, 65, 110, 130, 60, [Cute Charm | Pixilate]
Hawlucha, Wrestling, Fighting/Flying, 78, 92, 75, 74, 63, 118, [Limber | Mold Breaker]
Dedenne, Antenna, Electric/Fairy, 67, 58, 57, 81, 67, 101, [Cheek Pouch | Plus]
Carbink, Jewel, Rock/Fairy, 50, 50, 150, 50, 150, 50, [Clear Body | Sturdy]
Goomy, Soft Tissue, Dragon/null, 45, 50, 35, 55, 75, 40, [Sap Sipper | Gooey]
Sliggoo, Soft Tissue, Dragon/null, 68, 75, 53, 83, 113, 60, [Sap Sipper | Gooey]
Goodra, Dragon, Dragon/null, 90, 100, 70, 110, 150, 80, [Sap Sipper | Gooey]
Klefki, Key Ring, Steel/Fairy, 57, 80, 91, 80, 87, 75, [Prankster | Magician]
Phantump, Stump, Ghost/Grass, 43, 70, 48, 50, 60, 38, [Natural Cure | Harvest]
Trevenant, Elder Tree, Ghost/Grass, 85, 110, 76, 65, 82, 56, [Natural Cure | Harvest]
Pumpkaboo, Pumpkin, Ghost/Grass, 44, 66, 70, 44, 55, 56, [Pickup | Insomnia]
Gourgeist, Pumpkin, Ghost/Grass, 55, 85, 122, 58, 75, 99, [Pickup | Insomnia]
Bergmite, Ice Chunk, Ice/null, 55, 69, 85, 32, 35, 28, [Own Tempo | Sturdy]
Avalugg, Iceberg, Ice/null, 95, 117, 184, 44, 46, 28, [Own Tempo | Sturdy]
Noibat, Sound Wave, Flying/Dragon, 40, 30, 35, 45, 40, 55, [Frisk | Telepathy]
Noivern, Sound Wave, Flying/Dragon, 85, 70, 80, 97, 80, 123, [Frisk | Telepathy]
Xerneas, Life, Fairy/null, 126, 131, 95, 131, 98, 99, [Fairy Aura]
Yveltal, Destruction, Dark/Flying, 126, 131, 95, 131, 98, 99, [Dark Aura]
Zygarde, Order, Dragon/Ground, 108, 100, 121, 81, 95, 95, [Aura Break]
Diancie, Jewel, Rock/Fairy, 50, 100, 150, 100, 150, 50, [Clear Body | Magic Bounce]
Hoopa, Mischief, Psychic/Ghost, 80, 110, 60, 150, 130, 70, [Magician]
Hoopa, Mischief, Psychic/Dark, 80, 110, 60, 150, 130, 70, [Magician]
Volcanion, Steam, Fire/Water, 80, 110, 120, 130, 90, 70, [Water Absorb]
